model,accuracy,precision_macro,recall_macro,f1_macro,cv_f1_macro_mean,cv_f1_macro_std,roc_auc_macro
Dummy(Majority),0.285,0.01676470588235294,0.058823529411764705,0.02609292744335088,0.02594987411306935,0.00017520383259778908,0.5
LogisticRegression,0.715,0.7969024761485408,0.6395664019503029,0.6812082416977027,0.6464686450619495,0.03474670457526545,0.9530705789855444
RandomForest,0.885,0.9236313739315575,0.8034117871579172,0.8315743510351872,0.8007707350615867,0.04145953442976538,0.9800987126225527
GradientBoosting,0.85,0.7674747797669792,0.6921216611619088,0.7102709097074142,0.6866179030040793,0.05672338178478634,0.9685324065136828
SVC-RBF,0.82,0.6682522586499388,0.632010948574416,0.6314044705630888,0.6317151670579279,0.028700447859419248,0.9825681938473368
KNN,0.855,0.8378432487953154,0.7522822894339921,0.7592387077385176,0.7245126058176934,0.03548473842986298,0.9426671939821925
