model,accuracy,precision_macro,recall_macro,f1_macro,cv_f1_macro_mean,cv_f1_macro_std,roc_auc_macro
Dummy(Majority),0.285,0.01676470588235294,0.058823529411764705,0.02609292744335088,0.02594987411306935,0.00017520383259778908,0.5
LogisticRegression,0.815,0.7051820728291316,0.6889980790909583,0.6935557539798443,0.6790894381194845,0.04229549495591677,0.9578781947489764
RandomForest,0.905,0.8950208288443582,0.7893147157853041,0.8193012869483458,0.7836959904013718,0.05261348897044706,0.9779872901950678
GradientBoosting,0.825,0.7213806618218384,0.6380232541223253,0.6610188440273497,0.6868635647100241,0.05176665734233684,0.9584364734105412
SVC-RBF,0.83,0.7783396995161701,0.7158082142602266,0.7356914220993743,0.6717604932089202,0.06064239969855007,0.9616217540532664
KNN,0.815,0.738107192793135,0.7485105194083522,0.7271790040937122,0.7152728151950493,0.023582892399560993,0.9663258391062406
